{
	"start":	{
		"connected":	[{
				"socket":	5,
				"local_host":	"10.0.0.1",
				"local_port":	45020,
				"remote_host":	"10.0.0.2",
				"remote_port":	5201
			}],
		"version":	"iperf 3.16",
		"system_info":	"Linux networks 6.8.0-85-generic #85-Ubuntu SMP PREEMPT_DYNAMIC Thu Sep 18 15:21:04 UTC 2025 aarch64",
		"timestamp":	{
			"time":	"Wed, 15 Oct 2025 02:37:37 GMT",
			"timesecs":	1760495857
		},
		"connecting_to":	{
			"host":	"10.0.0.2",
			"port":	5201
		},
		"cookie":	"3hmy324xp2qgtwr3ycvxoso5bjazx3msfadh",
		"target_bitrate":	30000000,
		"fq_rate":	0,
		"sock_bufsize":	0,
		"sndbuf_actual":	212992,
		"rcvbuf_actual":	212992,
		"test_start":	{
			"protocol":	"UDP",
			"num_streams":	1,
			"blksize":	1448,
			"omit":	0,
			"duration":	30,
			"bytes":	0,
			"blocks":	0,
			"reverse":	0,
			"tos":	0,
			"target_bitrate":	30000000,
			"bidir":	0,
			"fqrate":	0
		}
	},
	"intervals":	[{
			"streams":	[{
					"socket":	5,
					"start":	0,
					"end":	1.000064,
					"seconds":	1.0000640153884888,
					"bytes":	3747424,
					"bits_per_second":	29977472.980421245,
					"packets":	2588,
					"omitted":	false,
					"sender":	true
				}],
			"sum":	{
				"start":	0,
				"end":	1.000064,
				"seconds":	1.0000640153884888,
				"bytes":	3747424,
				"bits_per_second":	29977472.980421245,
				"packets":	2588,
				"omitted":	false,
				"sender":	true
			}
		}, {
			"streams":	[{
					"socket":	5,
					"start":	1.000064,
					"end":	2.000066,
					"seconds":	1.0000020265579224,
					"bytes":	3750320,
					"bits_per_second":	30002499.198197559,
					"packets":	2590,
					"omitted":	false,
					"sender":	true
				}],
			"sum":	{
				"start":	1.000064,
				"end":	2.000066,
				"seconds":	1.0000020265579224,
				"bytes":	3750320,
				"bits_per_second":	30002499.198197559,
				"packets":	2590,
				"omitted":	false,
				"sender":	true
			}
		}, {
			"streams":	[{
					"socket":	5,
					"start":	2.000066,
					"end":	3.000072,
					"seconds":	1.0000059604644775,
					"bytes":	3748872,
					"bits_per_second":	29990797.240918394,
					"packets":	2589,
					"omitted":	false,
					"sender":	true
				}],
			"sum":	{
				"start":	2.000066,
				"end":	3.000072,
				"seconds":	1.0000059604644775,
				"bytes":	3748872,
				"bits_per_second":	29990797.240918394,
				"packets":	2589,
				"omitted":	false,
				"sender":	true
			}
		}, {
			"streams":	[{
					"socket":	5,
					"start":	3.000072,
					"end":	4.000062,
					"seconds":	0.99998998641967773,
					"bytes":	3750320,
					"bits_per_second":	30002860.436052874,
					"packets":	2590,
					"omitted":	false,
					"sender":	true
				}],
			"sum":	{
				"start":	3.000072,
				"end":	4.000062,
				"seconds":	0.99998998641967773,
				"bytes":	3750320,
				"bits_per_second":	30002860.436052874,
				"packets":	2590,
				"omitted":	false,
				"sender":	true
			}
		}, {
			"streams":	[{
					"socket":	5,
					"start":	4.000062,
					"end":	5.000064,
					"seconds":	1.0000020265579224,
					"bytes":	3750320,
					"bits_per_second":	30002499.198197559,
					"packets":	2590,
					"omitted":	false,
					"sender":	true
				}],
			"sum":	{
				"start":	4.000062,
				"end":	5.000064,
				"seconds":	1.0000020265579224,
				"bytes":	3750320,
				"bits_per_second":	30002499.198197559,
				"packets":	2590,
				"omitted":	false,
				"sender":	true
			}
		}, {
			"streams":	[{
					"socket":	5,
					"start":	5.000064,
					"end":	6.000063,
					"seconds":	0.99999898672103882,
					"bytes":	3750320,
					"bits_per_second":	30002590.400993634,
					"packets":	2590,
					"omitted":	false,
					"sender":	true
				}],
			"sum":	{
				"start":	5.000064,
				"end":	6.000063,
				"seconds":	0.99999898672103882,
				"bytes":	3750320,
				"bits_per_second":	30002590.400993634,
				"packets":	2590,
				"omitted":	false,
				"sender":	true
			}
		}, {
			"streams":	[{
					"socket":	5,
					"start":	6.000063,
					"end":	7.000062,
					"seconds":	0.99999898672103882,
					"bytes":	3750320,
					"bits_per_second":	30002590.400993634,
					"packets":	2590,
					"omitted":	false,
					"sender":	true
				}],
			"sum":	{
				"start":	6.000063,
				"end":	7.000062,
				"seconds":	0.99999898672103882,
				"bytes":	3750320,
				"bits_per_second":	30002590.400993634,
				"packets":	2590,
				"omitted":	false,
				"sender":	true
			}
		}, {
			"streams":	[{
					"socket":	5,
					"start":	7.000062,
					"end":	8.000062,
					"seconds":	1,
					"bytes":	3748872,
					"bits_per_second":	29990976,
					"packets":	2589,
					"omitted":	false,
					"sender":	true
				}],
			"sum":	{
				"start":	7.000062,
				"end":	8.000062,
				"seconds":	1,
				"bytes":	3748872,
				"bits_per_second":	29990976,
				"packets":	2589,
				"omitted":	false,
				"sender":	true
			}
		}, {
			"streams":	[{
					"socket":	5,
					"start":	8.000062,
					"end":	9.000063,
					"seconds":	1.0000009536743164,
					"bytes":	3750320,
					"bits_per_second":	30002531.387356389,
					"packets":	2590,
					"omitted":	false,
					"sender":	true
				}],
			"sum":	{
				"start":	8.000062,
				"end":	9.000063,
				"seconds":	1.0000009536743164,
				"bytes":	3750320,
				"bits_per_second":	30002531.387356389,
				"packets":	2590,
				"omitted":	false,
				"sender":	true
			}
		}, {
			"streams":	[{
					"socket":	5,
					"start":	9.000063,
					"end":	10.000065,
					"seconds":	1.0000020265579224,
					"bytes":	3750320,
					"bits_per_second":	30002499.198197559,
					"packets":	2590,
					"omitted":	false,
					"sender":	true
				}],
			"sum":	{
				"start":	9.000063,
				"end":	10.000065,
				"seconds":	1.0000020265579224,
				"bytes":	3750320,
				"bits_per_second":	30002499.198197559,
				"packets":	2590,
				"omitted":	false,
				"sender":	true
			}
		}, {
			"streams":	[{
					"socket":	5,
					"start":	10.000065,
					"end":	11.000063,
					"seconds":	0.99999797344207764,
					"bytes":	3750320,
					"bits_per_second":	30002620.802048877,
					"packets":	2590,
					"omitted":	false,
					"sender":	true
				}],
			"sum":	{
				"start":	10.000065,
				"end":	11.000063,
				"seconds":	0.99999797344207764,
				"bytes":	3750320,
				"bits_per_second":	30002620.802048877,
				"packets":	2590,
				"omitted":	false,
				"sender":	true
			}
		}, {
			"streams":	[{
					"socket":	5,
					"start":	11.000063,
					"end":	12.000063,
					"seconds":	1,
					"bytes":	3748872,
					"bits_per_second":	29990976,
					"packets":	2589,
					"omitted":	false,
					"sender":	true
				}],
			"sum":	{
				"start":	11.000063,
				"end":	12.000063,
				"seconds":	1,
				"bytes":	3748872,
				"bits_per_second":	29990976,
				"packets":	2589,
				"omitted":	false,
				"sender":	true
			}
		}, {
			"streams":	[{
					"socket":	5,
					"start":	12.000063,
					"end":	13.000063,
					"seconds":	1,
					"bytes":	3750320,
					"bits_per_second":	30002560,
					"packets":	2590,
					"omitted":	false,
					"sender":	true
				}],
			"sum":	{
				"start":	12.000063,
				"end":	13.000063,
				"seconds":	1,
				"bytes":	3750320,
				"bits_per_second":	30002560,
				"packets":	2590,
				"omitted":	false,
				"sender":	true
			}
		}, {
			"streams":	[{
					"socket":	5,
					"start":	13.000063,
					"end":	14.000078,
					"seconds":	1.0000150203704834,
					"bytes":	3750320,
					"bits_per_second":	30002109.357202172,
					"packets":	2590,
					"omitted":	false,
					"sender":	true
				}],
			"sum":	{
				"start":	13.000063,
				"end":	14.000078,
				"seconds":	1.0000150203704834,
				"bytes":	3750320,
				"bits_per_second":	30002109.357202172,
				"packets":	2590,
				"omitted":	false,
				"sender":	true
			}
		}, {
			"streams":	[{
					"socket":	5,
					"start":	14.000078,
					"end":	15.000064,
					"seconds":	0.99998599290847778,
					"bytes":	3750320,
					"bits_per_second":	30002980.254490364,
					"packets":	2590,
					"omitted":	false,
					"sender":	true
				}],
			"sum":	{
				"start":	14.000078,
				"end":	15.000064,
				"seconds":	0.99998599290847778,
				"bytes":	3750320,
				"bits_per_second":	30002980.254490364,