{
	"start":	{
		"connected":	[{
				"socket":	5,
				"local_host":	"10.0.0.1",
				"local_port":	49203,
				"remote_host":	"10.0.0.2",
				"remote_port":	5201
			}],
		"version":	"iperf 3.16",
		"system_info":	"Linux networks 6.8.0-85-generic #85-Ubuntu SMP PREEMPT_DYNAMIC Thu Sep 18 15:21:04 UTC 2025 aarch64",
		"timestamp":	{
			"time":	"Wed, 15 Oct 2025 02:19:17 GMT",
			"timesecs":	1760494757
		},
		"connecting_to":	{
			"host":	"10.0.0.2",
			"port":	5201
		},
		"cookie":	"t4fh3vi23lxgpw2ycrof7nr2f2bxyhynkybf",
		"target_bitrate":	30000000,
		"fq_rate":	0,
		"sock_bufsize":	0,
		"sndbuf_actual":	212992,
		"rcvbuf_actual":	212992,
		"test_start":	{
			"protocol":	"UDP",
			"num_streams":	1,
			"blksize":	1448,
			"omit":	0,
			"duration":	30,
			"bytes":	0,
			"blocks":	0,
			"reverse":	0,
			"tos":	0,
			"target_bitrate":	30000000,
			"bidir":	0,
			"fqrate":	0
		}
	},
	"intervals":	[{
			"streams":	[{
					"socket":	5,
					"start":	0,
					"end":	1.000067,
					"seconds":	1.0000669956207275,
					"bytes":	3747424,
					"bits_per_second":	29977383.64657481,
					"packets":	2588,
					"omitted":	false,
					"sender":	true
				}],
			"sum":	{
				"start":	0,
				"end":	1.000067,
				"seconds":	1.0000669956207275,
				"bytes":	3747424,
				"bits_per_second":	29977383.64657481,
				"packets":	2588,
				"omitted":	false,
				"sender":	true
			}
		}, {
			"streams":	[{
					"socket":	5,
					"start":	1.000067,
					"end":	2.000126,
					"seconds":	1.0000590085983276,
					"bytes":	3750320,
					"bits_per_second":	30000789.695451349,
					"packets":	2590,
					"omitted":	false,
					"sender":	true
				}],
			"sum":	{
				"start":	1.000067,
				"end":	2.000126,
				"seconds":	1.0000590085983276,
				"bytes":	3750320,
				"bits_per_second":	30000789.695451349,
				"packets":	2590,
				"omitted":	false,
				"sender":	true
			}
		}, {
			"streams":	[{
					"socket":	5,
					"start":	2.000126,
					"end":	3.000093,
					"seconds":	0.99996697902679443,
					"bytes":	3748872,
					"bits_per_second":	29991966.363917686,
					"packets":	2589,
					"omitted":	false,
					"sender":	true
				}],
			"sum":	{
				"start":	2.000126,
				"end":	3.000093,
				"seconds":	0.99996697902679443,
				"bytes":	3748872,
				"bits_per_second":	29991966.363917686,
				"packets":	2589,
				"omitted":	false,
				"sender":	true
			}
		}, {
			"streams":	[{
					"socket":	5,
					"start":	3.000093,
					"end":	4.00007,
					"seconds":	0.9999769926071167,
					"bytes":	3750320,
					"bits_per_second":	30003250.296567351,
					"packets":	2590,
					"omitted":	false,
					"sender":	true
				}],
			"sum":	{
				"start":	3.000093,
				"end":	4.00007,
				"seconds":	0.9999769926071167,
				"bytes":	3750320,
				"bits_per_second":	30003250.296567351,
				"packets":	2590,
				"omitted":	false,
				"sender":	true
			}
		}, {
			"streams":	[{
					"socket":	5,
					"start":	4.00007,
					"end":	5.000078,
					"seconds":	1.0000079870224,
					"bytes":	3750320,
					"bits_per_second":	30002320.370795149,
					"packets":	2590,
					"omitted":	false,
					"sender":	true
				}],
			"sum":	{
				"start":	4.00007,
				"end":	5.000078,
				"seconds":	1.0000079870224,
				"bytes":	3750320,
				"bits_per_second":	30002320.370795149,
				"packets":	2590,
				"omitted":	false,
				"sender":	true
			}
		}, {
			"streams":	[{
					"socket":	5,
					"start":	5.000078,
					"end":	6.000097,
					"seconds":	1.0000189542770386,
					"bytes":	3750320,
					"bits_per_second":	30001991.333944548,
					"packets":	2590,
					"omitted":	false,
					"sender":	true
				}],
			"sum":	{
				"start":	5.000078,
				"end":	6.000097,
				"seconds":	1.0000189542770386,
				"bytes":	3750320,
				"bits_per_second":	30001991.333944548,
				"packets":	2590,
				"omitted":	false,
				"sender":	true
			}
		}, {
			"streams":	[{
					"socket":	5,
					"start":	6.000097,
					"end":	7.0001,
					"seconds":	1.0000029802322388,
					"bytes":	3750320,
					"bits_per_second":	30002470.585669916,
					"packets":	2590,
					"omitted":	false,
					"sender":	true
				}],
			"sum":	{
				"start":	6.000097,
				"end":	7.0001,
				"seconds":	1.0000029802322388,
				"bytes":	3750320,
				"bits_per_second":	30002470.585669916,
				"packets":	2590,
				"omitted":	false,
				"sender":	true
			}
		}, {
			"streams":	[{
					"socket":	5,
					"start":	7.0001,
					"end":	8.000065,
					"seconds":	0.999965012073517,
					"bytes":	3748872,
					"bits_per_second":	29992025.358778335,
					"packets":	2589,
					"omitted":	false,
					"sender":	true
				}],
			"sum":	{
				"start":	7.0001,
				"end":	8.000065,
				"seconds":	0.999965012073517,
				"bytes":	3748872,
				"bits_per_second":	29992025.358778335,
				"packets":	2589,
				"omitted":	false,
				"sender":	true
			}
		}, {
			"streams":	[{
					"socket":	5,
					"start":	8.000065,
					"end":	9.0001,
					"seconds":	1.0000350475311279,
					"bytes":	3750320,
					"bits_per_second":	30001508.52119622,
					"packets":	2590,
					"omitted":	false,
					"sender":	true
				}],
			"sum":	{
				"start":	8.000065,
				"end":	9.0001,
				"seconds":	1.0000350475311279,
				"bytes":	3750320,
				"bits_per_second":	30001508.52119622,
				"packets":	2590,
				"omitted":	false,
				"sender":	true
			}
		}, {
			"streams":	[{
					"socket":	5,
					"start":	9.0001,
					"end":	10.000099,
					"seconds":	0.99999898672103882,
					"bytes":	3750320,
					"bits_per_second":	30002590.400993634,
					"packets":	2590,
					"omitted":	false,
					"sender":	true
				}],
			"sum":	{
				"start":	9.0001,
				"end":	10.000099,
				"seconds":	0.99999898672103882,
				"bytes":	3750320,
				"bits_per_second":	30002590.400993634,
				"packets":	2590,
				"omitted":	false,
				"sender":	true
			}
		}, {
			"streams":	[{
					"socket":	5,
					"start":	10.000099,
					"end":	11.000073,
					"seconds":	0.999974012374878,
					"bytes":	3750320,
					"bits_per_second":	30003339.715544939,
					"packets":	2590,
					"omitted":	false,
					"sender":	true
				}],
			"sum":	{
				"start":	10.000099,
				"end":	11.000073,
				"seconds":	0.999974012374878,
				"bytes":	3750320,
				"bits_per_second":	30003339.715544939,
				"packets":	2590,
				"omitted":	false,
				"sender":	true
			}
		}, {
			"streams":	[{
					"socket":	5,
					"start":	11.000073,
					"end":	12.000085,
					"seconds":	1.0000120401382446,
					"bytes":	3748872,
					"bits_per_second":	29990614.908850458,
					"packets":	2589,
					"omitted":	false,
					"sender":	true
				}],
			"sum":	{
				"start":	11.000073,
				"end":	12.000085,
				"seconds":	1.0000120401382446,
				"bytes":	3748872,
				"bits_per_second":	29990614.908850458,
				"packets":	2589,
				"omitted":	false,
				"sender":	true
			}
		}, {
			"streams":	[{
					"socket":	5,
					"start":	12.000085,
					"end":	13.000065,
					"seconds":	0.99997997283935547,
					"bytes":	3750320,
					"bits_per_second":	30003160.878122751,
					"packets":	2590,
					"omitted":	false,
					"sender":	true
				}],
			"sum":	{
				"start":	12.000085,
				"end":	13.000065,
				"seconds":	0.99997997283935547,
				"bytes":	3750320,
				"bits_per_second":	30003160.878122751,
				"packets":	2590,
				"omitted":	false,
				"sender":	true
			}
		}, {
			"streams":	[{
					"socket":	5,
					"start":	13.000065,
					"end":	14.000075,
					"seconds":	1.0000100135803223,
					"bytes":	3750320,
					"bits_per_second":	30002259.569963947,
					"packets":	2590,
					"omitted":	false,
					"sender":	true
				}],
			"sum":	{
				"start":	13.000065,
				"end":	14.000075,
				"seconds":	1.0000100135803223,
				"bytes":	3750320,
				"bits_per_second":	30002259.569963947,
				"packets":	2590,
				"omitted":	false,
				"sender":	true
			}
		}, {
			"streams":	[{
					"socket":	5,
					"start":	14.000075,
					"end":	15.000062,
					"seconds":	0.999987006187439,
					"bytes":	3750320,
					"bits_per_second":	30002949.852706663,
					"packets":	2590,
					"omitted":	false,
					"sender":	true
				}],
			"sum":	{
				"start":	14.000075,