{
	"start":	{
		"connected":	[{
				"socket":	5,
				"local_host":	"10.0.0.1",
				"local_port":	44855,
				"remote_host":	"10.0.0.2",
				"remote_port":	5201
			}],
		"version":	"iperf 3.16",
		"system_info":	"Linux networks 6.8.0-85-generic #85-Ubuntu SMP PREEMPT_DYNAMIC Thu Sep 18 15:21:04 UTC 2025 aarch64",
		"timestamp":	{
			"time":	"Wed, 15 Oct 2025 02:36:05 GMT",
			"timesecs":	1760495765
		},
		"connecting_to":	{
			"host":	"10.0.0.2",
			"port":	5201
		},
		"cookie":	"apumz3h6dnafxxsbh7dufdmhtdwqedj3zyxz",
		"target_bitrate":	30000000,
		"fq_rate":	0,
		"sock_bufsize":	0,
		"sndbuf_actual":	212992,
		"rcvbuf_actual":	212992,
		"test_start":	{
			"protocol":	"UDP",
			"num_streams":	1,
			"blksize":	1448,
			"omit":	0,
			"duration":	30,
			"bytes":	0,
			"blocks":	0,
			"reverse":	0,
			"tos":	0,
			"target_bitrate":	30000000,
			"bidir":	0,
			"fqrate":	0
		}
	},
	"intervals":	[{
			"streams":	[{
					"socket":	5,
					"start":	0,
					"end":	1.000061,
					"seconds":	1.00006103515625,
					"bytes":	3747424,
					"bits_per_second":	29977562.314800121,
					"packets":	2588,
					"omitted":	false,
					"sender":	true
				}],
			"sum":	{
				"start":	0,
				"end":	1.000061,
				"seconds":	1.00006103515625,
				"bytes":	3747424,
				"bits_per_second":	29977562.314800121,
				"packets":	2588,
				"omitted":	false,
				"sender":	true
			}
		}, {
			"streams":	[{
					"socket":	5,
					"start":	1.000061,
					"end":	2.000062,
					"seconds":	1.0000009536743164,
					"bytes":	3750320,
					"bits_per_second":	30002531.387356389,
					"packets":	2590,
					"omitted":	false,
					"sender":	true
				}],
			"sum":	{
				"start":	1.000061,
				"end":	2.000062,
				"seconds":	1.0000009536743164,
				"bytes":	3750320,
				"bits_per_second":	30002531.387356389,
				"packets":	2590,
				"omitted":	false,
				"sender":	true
			}
		}, {
			"streams":	[{
					"socket":	5,
					"start":	2.000062,
					"end":	3.000065,
					"seconds":	1.0000029802322388,
					"bytes":	3748872,
					"bits_per_second":	29990886.620192826,
					"packets":	2589,
					"omitted":	false,
					"sender":	true
				}],
			"sum":	{
				"start":	2.000062,
				"end":	3.000065,
				"seconds":	1.0000029802322388,
				"bytes":	3748872,
				"bits_per_second":	29990886.620192826,
				"packets":	2589,
				"omitted":	false,
				"sender":	true
			}
		}, {
			"streams":	[{
					"socket":	5,
					"start":	3.000065,
					"end":	4.000064,
					"seconds":	0.99999898672103882,
					"bytes":	3750320,
					"bits_per_second":	30002590.400993634,
					"packets":	2590,
					"omitted":	false,
					"sender":	true
				}],
			"sum":	{
				"start":	3.000065,
				"end":	4.000064,
				"seconds":	0.99999898672103882,
				"bytes":	3750320,
				"bits_per_second":	30002590.400993634,
				"packets":	2590,
				"omitted":	false,
				"sender":	true
			}
		}, {
			"streams":	[{
					"socket":	5,
					"start":	4.000064,
					"end":	5.000064,
					"seconds":	1,
					"bytes":	3750320,
					"bits_per_second":	30002560,
					"packets":	2590,
					"omitted":	false,
					"sender":	true
				}],
			"sum":	{
				"start":	4.000064,
				"end":	5.000064,
				"seconds":	1,
				"bytes":	3750320,
				"bits_per_second":	30002560,
				"packets":	2590,
				"omitted":	false,
				"sender":	true
			}
		}, {
			"streams":	[{
					"socket":	5,
					"start":	5.000064,
					"end":	6.000063,
					"seconds":	0.99999898672103882,
					"bytes":	3750320,
					"bits_per_second":	30002590.400993634,
					"packets":	2590,
					"omitted":	false,
					"sender":	true
				}],
			"sum":	{
				"start":	5.000064,
				"end":	6.000063,
				"seconds":	0.99999898672103882,
				"bytes":	3750320,
				"bits_per_second":	30002590.400993634,
				"packets":	2590,
				"omitted":	false,
				"sender":	true
			}
		}, {
			"streams":	[{
					"socket":	5,
					"start":	6.000063,
					"end":	7.000063,
					"seconds":	1,
					"bytes":	3750320,
					"bits_per_second":	30002560,
					"packets":	2590,
					"omitted":	false,
					"sender":	true
				}],
			"sum":	{
				"start":	6.000063,
				"end":	7.000063,
				"seconds":	1,
				"bytes":	3750320,
				"bits_per_second":	30002560,
				"packets":	2590,
				"omitted":	false,
				"sender":	true
			}
		}, {
			"streams":	[{
					"socket":	5,
					"start":	7.000063,
					"end":	8.000063,
					"seconds":	1,
					"bytes":	3748872,
					"bits_per_second":	29990976,
					"packets":	2589,
					"omitted":	false,
					"sender":	true
				}],
			"sum":	{
				"start":	7.000063,
				"end":	8.000063,
				"seconds":	1,
				"bytes":	3748872,
				"bits_per_second":	29990976,
				"packets":	2589,
				"omitted":	false,
				"sender":	true
			}
		}, {
			"streams":	[{
					"socket":	5,
					"start":	8.000063,
					"end":	9.000064,
					"seconds":	1.0000009536743164,
					"bytes":	3750320,
					"bits_per_second":	30002531.387356389,
					"packets":	2590,
					"omitted":	false,
					"sender":	true
				}],
			"sum":	{
				"start":	8.000063,
				"end":	9.000064,
				"seconds":	1.0000009536743164,
				"bytes":	3750320,
				"bits_per_second":	30002531.387356389,
				"packets":	2590,
				"omitted":	false,
				"sender":	true
			}
		}, {
			"streams":	[{
					"socket":	5,
					"start":	9.000064,
					"end":	10.000065,
					"seconds":	1.0000009536743164,
					"bytes":	3750320,
					"bits_per_second":	30002531.387356389,
					"packets":	2590,
					"omitted":	false,
					"sender":	true
				}],
			"sum":	{
				"start":	9.000064,
				"end":	10.000065,
				"seconds":	1.0000009536743164,
				"bytes":	3750320,
				"bits_per_second":	30002531.387356389,
				"packets":	2590,
				"omitted":	false,
				"sender":	true
			}
		}, {
			"streams":	[{
					"socket":	5,
					"start":	10.000065,
					"end":	11.000068,
					"seconds":	1.0000029802322388,
					"bytes":	3750320,
					"bits_per_second":	30002470.585669916,
					"packets":	2590,
					"omitted":	false,
					"sender":	true
				}],
			"sum":	{
				"start":	10.000065,
				"end":	11.000068,
				"seconds":	1.0000029802322388,
				"bytes":	3750320,
				"bits_per_second":	30002470.585669916,
				"packets":	2590,
				"omitted":	false,
				"sender":	true
			}
		}, {
			"streams":	[{
					"socket":	5,
					"start":	11.000068,
					"end":	12.000064,
					"seconds":	0.9999960064888,
					"bytes":	3748872,
					"bits_per_second":	29991095.769776855,
					"packets":	2589,
					"omitted":	false,
					"sender":	true
				}],
			"sum":	{
				"start":	11.000068,
				"end":	12.000064,
				"seconds":	0.9999960064888,
				"bytes":	3748872,
				"bits_per_second":	29991095.769776855,
				"packets":	2589,
				"omitted":	false,
				"sender":	true
			}
		}, {
			"streams":	[{
					"socket":	5,
					"start":	12.000064,
					"end":	13.000064,
					"seconds":	1,
					"bytes":	3750320,
					"bits_per_second":	30002560,
					"packets":	2590,
					"omitted":	false,
					"sender":	true
				}],
			"sum":	{
				"start":	12.000064,
				"end":	13.000064,
				"seconds":	1,
				"bytes":	3750320,
				"bits_per_second":	30002560,
				"packets":	2590,
				"omitted":	false,
				"sender":	true
			}
		}, {
			"streams":	[{
					"socket":	5,
					"start":	13.000064,
					"end":	14.000064,
					"seconds":	1,
					"bytes":	3750320,
					"bits_per_second":	30002560,
					"packets":	2590,
					"omitted":	false,
					"sender":	true
				}],
			"sum":	{
				"start":	13.000064,
				"end":	14.000064,
				"seconds":	1,
				"bytes":	3750320,
				"bits_per_second":	30002560,
				"packets":	2590,
				"omitted":	false,
				"sender":	true
			}
		}, {
			"streams":	[{
					"socket":	5,
					"start":	14.000064,
					"end":	15.000067,
					"seconds":	1.0000029802322388,
					"bytes":	3750320,
					"bits_per_second":	30002470.585669916,
					"packets":	2590,
					"omitted":	false,
					"sender":	true
				}],
			"sum":	{
				"start":	14.000064,
				"end":	15.000067,
				"seconds":	1.0000029802322388,
				"bytes":	3750320,
				"bits_per_second":	30002470.585669916,
				"packets":	2590,
				"omitted":	false,
				"sender":	true
			}
		}, {
			"streams":	[{
					"socket":	5,
					"start":	15.000067,