{
	"start":	{
		"connected":	[{
				"socket":	5,
				"local_host":	"10.0.0.1",
				"local_port":	42716,
				"remote_host":	"10.0.0.2",
				"remote_port":	5201
			}],
		"version":	"iperf 3.16",
		"system_info":	"Linux networks 6.8.0-85-generic #85-Ubuntu SMP PREEMPT_DYNAMIC Thu Sep 18 15:21:04 UTC 2025 aarch64",
		"timestamp":	{
			"time":	"Wed, 15 Oct 2025 02:25:27 GMT",
			"timesecs":	1760495127
		},
		"connecting_to":	{
			"host":	"10.0.0.2",
			"port":	5201
		},
		"cookie":	"hzhendtinho5pk56j4n5y4em45ajds2objqw",
		"target_bitrate":	30000000,
		"fq_rate":	0,
		"sock_bufsize":	0,
		"sndbuf_actual":	212992,
		"rcvbuf_actual":	212992,
		"test_start":	{
			"protocol":	"UDP",
			"num_streams":	1,
			"blksize":	1448,
			"omit":	0,
			"duration":	30,
			"bytes":	0,
			"blocks":	0,
			"reverse":	0,
			"tos":	0,
			"target_bitrate":	30000000,
			"bidir":	0,
			"fqrate":	0
		}
	},
	"intervals":	[{
			"streams":	[{
					"socket":	5,
					"start":	0,
					"end":	1.000063,
					"seconds":	1.0000629425048828,
					"bytes":	3747424,
					"bits_per_second":	29977505.1407363,
					"packets":	2588,
					"omitted":	false,
					"sender":	true
				}],
			"sum":	{
				"start":	0,
				"end":	1.000063,
				"seconds":	1.0000629425048828,
				"bytes":	3747424,
				"bits_per_second":	29977505.1407363,
				"packets":	2588,
				"omitted":	false,
				"sender":	true
			}
		}, {
			"streams":	[{
					"socket":	5,
					"start":	1.000063,
					"end":	2.000065,
					"seconds":	1.0000020265579224,
					"bytes":	3750320,
					"bits_per_second":	30002499.198197559,
					"packets":	2590,
					"omitted":	false,
					"sender":	true
				}],
			"sum":	{
				"start":	1.000063,
				"end":	2.000065,
				"seconds":	1.0000020265579224,
				"bytes":	3750320,
				"bits_per_second":	30002499.198197559,
				"packets":	2590,
				"omitted":	false,
				"sender":	true
			}
		}, {
			"streams":	[{
					"socket":	5,
					"start":	2.000065,
					"end":	3.000068,
					"seconds":	1.0000029802322388,
					"bytes":	3748872,
					"bits_per_second":	29990886.620192826,
					"packets":	2589,
					"omitted":	false,
					"sender":	true
				}],
			"sum":	{
				"start":	2.000065,
				"end":	3.000068,
				"seconds":	1.0000029802322388,
				"bytes":	3748872,
				"bits_per_second":	29990886.620192826,
				"packets":	2589,
				"omitted":	false,
				"sender":	true
			}
		}, {
			"streams":	[{
					"socket":	5,
					"start":	3.000068,
					"end":	4.000071,
					"seconds":	1.0000029802322388,
					"bytes":	3750320,
					"bits_per_second":	30002470.585669916,
					"packets":	2590,
					"omitted":	false,
					"sender":	true
				}],
			"sum":	{
				"start":	3.000068,
				"end":	4.000071,
				"seconds":	1.0000029802322388,
				"bytes":	3750320,
				"bits_per_second":	30002470.585669916,
				"packets":	2590,
				"omitted":	false,
				"sender":	true
			}
		}, {
			"streams":	[{
					"socket":	5,
					"start":	4.000071,
					"end":	5.000063,
					"seconds":	0.9999920129776,
					"bytes":	3750320,
					"bits_per_second":	30002799.633032728,
					"packets":	2590,
					"omitted":	false,
					"sender":	true
				}],
			"sum":	{
				"start":	4.000071,
				"end":	5.000063,
				"seconds":	0.9999920129776,
				"bytes":	3750320,
				"bits_per_second":	30002799.633032728,
				"packets":	2590,
				"omitted":	false,
				"sender":	true
			}
		}, {
			"streams":	[{
					"socket":	5,
					"start":	5.000063,
					"end":	6.000067,
					"seconds":	1.0000040531158447,
					"bytes":	3750320,
					"bits_per_second":	30002438.396641552,
					"packets":	2590,
					"omitted":	false,
					"sender":	true
				}],
			"sum":	{
				"start":	5.000063,
				"end":	6.000067,
				"seconds":	1.0000040531158447,
				"bytes":	3750320,
				"bits_per_second":	30002438.396641552,
				"packets":	2590,
				"omitted":	false,
				"sender":	true
			}
		}, {
			"streams":	[{
					"socket":	5,
					"start":	6.000067,
					"end":	7.000083,
					"seconds":	1.0000159740448,
					"bytes":	3750320,
					"bits_per_second":	30002080.745418087,
					"packets":	2590,
					"omitted":	false,
					"sender":	true
				}],
			"sum":	{
				"start":	6.000067,
				"end":	7.000083,
				"seconds":	1.0000159740448,
				"bytes":	3750320,
				"bits_per_second":	30002080.745418087,
				"packets":	2590,
				"omitted":	false,
				"sender":	true
			}
		}, {
			"streams":	[{
					"socket":	5,
					"start":	7.000083,
					"end":	8.000109,
					"seconds":	1.0000259876251221,
					"bytes":	3748872,
					"bits_per_second":	29990196.626012746,
					"packets":	2589,
					"omitted":	false,
					"sender":	true
				}],
			"sum":	{
				"start":	7.000083,
				"end":	8.000109,
				"seconds":	1.0000259876251221,
				"bytes":	3748872,
				"bits_per_second":	29990196.626012746,
				"packets":	2589,
				"omitted":	false,
				"sender":	true
			}
		}, {
			"streams":	[{
					"socket":	5,
					"start":	8.000109,
					"end":	9.000075,
					"seconds":	0.999966025352478,
					"bytes":	3750320,
					"bits_per_second":	30003579.36103319,
					"packets":	2590,
					"omitted":	false,
					"sender":	true
				}],
			"sum":	{
				"start":	8.000109,
				"end":	9.000075,
				"seconds":	0.999966025352478,
				"bytes":	3750320,
				"bits_per_second":	30003579.36103319,
				"packets":	2590,
				"omitted":	false,
				"sender":	true
			}
		}, {
			"streams":	[{
					"socket":	5,
					"start":	9.000075,
					"end":	10.000087,
					"seconds":	1.0000120401382446,
					"bytes":	3750320,
					"bits_per_second":	30002198.769379172,
					"packets":	2590,
					"omitted":	false,
					"sender":	true
				}],
			"sum":	{
				"start":	9.000075,
				"end":	10.000087,
				"seconds":	1.0000120401382446,
				"bytes":	3750320,
				"bits_per_second":	30002198.769379172,
				"packets":	2590,
				"omitted":	false,
				"sender":	true
			}
		}, {
			"streams":	[{
					"socket":	5,
					"start":	10.000087,
					"end":	11.000071,
					"seconds":	0.9999840259552002,
					"bytes":	3750320,
					"bits_per_second":	30003039.269893426,
					"packets":	2590,
					"omitted":	false,
					"sender":	true
				}],
			"sum":	{
				"start":	10.000087,
				"end":	11.000071,
				"seconds":	0.9999840259552002,
				"bytes":	3750320,
				"bits_per_second":	30003039.269893426,
				"packets":	2590,
				"omitted":	false,
				"sender":	true
			}
		}, {
			"streams":	[{
					"socket":	5,
					"start":	11.000071,
					"end":	12.000066,
					"seconds":	0.999994993209839,
					"bytes":	3748872,
					"bits_per_second":	29991126.159275375,
					"packets":	2589,
					"omitted":	false,
					"sender":	true
				}],
			"sum":	{
				"start":	11.000071,
				"end":	12.000066,
				"seconds":	0.999994993209839,
				"bytes":	3748872,
				"bits_per_second":	29991126.159275375,
				"packets":	2589,
				"omitted":	false,
				"sender":	true
			}
		}, {
			"streams":	[{
					"socket":	5,
					"start":	12.000066,
					"end":	13.000068,
					"seconds":	1.0000020265579224,
					"bytes":	3750320,
					"bits_per_second":	30002499.198197559,
					"packets":	2590,
					"omitted":	false,
					"sender":	true
				}],
			"sum":	{
				"start":	12.000066,
				"end":	13.000068,
				"seconds":	1.0000020265579224,
				"bytes":	3750320,
				"bits_per_second":	30002499.198197559,
				"packets":	2590,
				"omitted":	false,
				"sender":	true
			}
		}, {
			"streams":	[{
					"socket":	5,
					"start":	13.000068,
					"end":	14.000063,
					"seconds":	0.999994993209839,
					"bytes":	3750320,
					"bits_per_second":	30002710.217274323,
					"packets":	2590,
					"omitted":	false,
					"sender":	true
				}],
			"sum":	{
				"start":	13.000068,
				"end":	14.000063,
				"seconds":	0.999994993209839,
				"bytes":	3750320,
				"bits_per_second":	30002710.217274323,
				"packets":	2590,
				"omitted":	false,
				"sender":	true
			}
		}, {
			"streams":	[{
					"socket":	5,
					"start":	14.000063,
					"end":	15.000066,
					"seconds":	1.0000029802322388,
					"bytes":	3750320,
					"bits_per_second":	30002470.585669916,
					"packets":	2590,
					"omitted":	false,
					"sender":	true
				}],
			"sum":	{
				"start":	14.000063,