{
	"start":	{
		"connected":	[{
				"socket":	5,
				"local_host":	"10.0.0.1",
				"local_port":	45798,
				"remote_host":	"10.0.0.2",
				"remote_port":	5201
			}],
		"version":	"iperf 3.16",
		"system_info":	"Linux networks 6.8.0-85-generic #85-Ubuntu SMP PREEMPT_DYNAMIC Thu Sep 18 15:21:04 UTC 2025 aarch64",
		"timestamp":	{
			"time":	"Wed, 15 Oct 2025 02:34:33 GMT",
			"timesecs":	1760495673
		},
		"connecting_to":	{
			"host":	"10.0.0.2",
			"port":	5201
		},
		"cookie":	"eirubvkvjnhgzj4zwq77k5e47sg6upmpalqp",
		"target_bitrate":	30000000,
		"fq_rate":	0,
		"sock_bufsize":	0,
		"sndbuf_actual":	212992,
		"rcvbuf_actual":	212992,
		"test_start":	{
			"protocol":	"UDP",
			"num_streams":	1,
			"blksize":	1448,
			"omit":	0,
			"duration":	30,
			"bytes":	0,
			"blocks":	0,
			"reverse":	0,
			"tos":	0,
			"target_bitrate":	30000000,
			"bidir":	0,
			"fqrate":	0
		}
	},
	"intervals":	[{
			"streams":	[{
					"socket":	5,
					"start":	0,
					"end":	1.000074,
					"seconds":	1.000074028968811,
					"bytes":	3747424,
					"bits_per_second":	29977172.820808206,
					"packets":	2588,
					"omitted":	false,
					"sender":	true
				}],
			"sum":	{
				"start":	0,
				"end":	1.000074,
				"seconds":	1.000074028968811,
				"bytes":	3747424,
				"bits_per_second":	29977172.820808206,
				"packets":	2588,
				"omitted":	false,
				"sender":	true
			}
		}, {
			"streams":	[{
					"socket":	5,
					"start":	1.000074,
					"end":	2.000065,
					"seconds":	0.999990999698639,
					"bytes":	3750320,
					"bits_per_second":	30002830.034512,
					"packets":	2590,
					"omitted":	false,
					"sender":	true
				}],
			"sum":	{
				"start":	1.000074,
				"end":	2.000065,
				"seconds":	0.999990999698639,
				"bytes":	3750320,
				"bits_per_second":	30002830.034512,
				"packets":	2590,
				"omitted":	false,
				"sender":	true
			}
		}, {
			"streams":	[{
					"socket":	5,
					"start":	2.000065,
					"end":	3.000061,
					"seconds":	0.9999960064888,
					"bytes":	3748872,
					"bits_per_second":	29991095.769776855,
					"packets":	2589,
					"omitted":	false,
					"sender":	true
				}],
			"sum":	{
				"start":	2.000065,
				"end":	3.000061,
				"seconds":	0.9999960064888,
				"bytes":	3748872,
				"bits_per_second":	29991095.769776855,
				"packets":	2589,
				"omitted":	false,
				"sender":	true
			}
		}, {
			"streams":	[{
					"socket":	5,
					"start":	3.000061,
					"end":	4.000068,
					"seconds":	1.0000070333480835,
					"bytes":	3750320,
					"bits_per_second":	30002348.98303628,
					"packets":	2590,
					"omitted":	false,
					"sender":	true
				}],
			"sum":	{
				"start":	3.000061,
				"end":	4.000068,
				"seconds":	1.0000070333480835,
				"bytes":	3750320,
				"bits_per_second":	30002348.98303628,
				"packets":	2590,
				"omitted":	false,
				"sender":	true
			}
		}, {
			"streams":	[{
					"socket":	5,
					"start":	4.000068,
					"end":	5.000068,
					"seconds":	1,
					"bytes":	3750320,
					"bits_per_second":	30002560,
					"packets":	2590,
					"omitted":	false,
					"sender":	true
				}],
			"sum":	{
				"start":	4.000068,
				"end":	5.000068,
				"seconds":	1,
				"bytes":	3750320,
				"bits_per_second":	30002560,
				"packets":	2590,
				"omitted":	false,
				"sender":	true
			}
		}, {
			"streams":	[{
					"socket":	5,
					"start":	5.000068,
					"end":	6.000062,
					"seconds":	0.99999397993087769,
					"bytes":	3750320,
					"bits_per_second":	30002740.618572384,
					"packets":	2590,
					"omitted":	false,
					"sender":	true
				}],
			"sum":	{
				"start":	5.000068,
				"end":	6.000062,
				"seconds":	0.99999397993087769,
				"bytes":	3750320,
				"bits_per_second":	30002740.618572384,
				"packets":	2590,
				"omitted":	false,
				"sender":	true
			}
		}, {
			"streams":	[{
					"socket":	5,
					"start":	6.000062,
					"end":	7.000064,
					"seconds":	1.0000020265579224,
					"bytes":	3750320,
					"bits_per_second":	30002499.198197559,
					"packets":	2590,
					"omitted":	false,
					"sender":	true
				}],
			"sum":	{
				"start":	6.000062,
				"end":	7.000064,
				"seconds":	1.0000020265579224,
				"bytes":	3750320,
				"bits_per_second":	30002499.198197559,
				"packets":	2590,
				"omitted":	false,
				"sender":	true
			}
		}, {
			"streams":	[{
					"socket":	5,
					"start":	7.000064,
					"end":	8.000065,
					"seconds":	1.0000009536743164,
					"bytes":	3748872,
					"bits_per_second":	29990947.398403741,
					"packets":	2589,
					"omitted":	false,
					"sender":	true
				}],
			"sum":	{
				"start":	7.000064,
				"end":	8.000065,
				"seconds":	1.0000009536743164,
				"bytes":	3748872,
				"bits_per_second":	29990947.398403741,
				"packets":	2589,
				"omitted":	false,
				"sender":	true
			}
		}, {
			"streams":	[{
					"socket":	5,
					"start":	8.000065,
					"end":	9.000069,
					"seconds":	1.0000040531158447,
					"bytes":	3750320,
					"bits_per_second":	30002438.396641552,
					"packets":	2590,
					"omitted":	false,
					"sender":	true
				}],
			"sum":	{
				"start":	8.000065,
				"end":	9.000069,
				"seconds":	1.0000040531158447,
				"bytes":	3750320,
				"bits_per_second":	30002438.396641552,
				"packets":	2590,
				"omitted":	false,
				"sender":	true
			}
		}, {
			"streams":	[{
					"socket":	5,
					"start":	9.000069,
					"end":	10.000062,
					"seconds":	0.99999302625656128,
					"bytes":	3750320,
					"bits_per_second":	30002769.231615074,
					"packets":	2590,
					"omitted":	false,
					"sender":	true
				}],
			"sum":	{
				"start":	9.000069,
				"end":	10.000062,
				"seconds":	0.99999302625656128,
				"bytes":	3750320,
				"bits_per_second":	30002769.231615074,
				"packets":	2590,
				"omitted":	false,
				"sender":	true
			}
		}, {
			"streams":	[{
					"socket":	5,
					"start":	10.000062,
					"end":	11.000066,
					"seconds":	1.0000040531158447,
					"bytes":	3750320,
					"bits_per_second":	30002438.396641552,
					"packets":	2590,
					"omitted":	false,
					"sender":	true
				}],
			"sum":	{
				"start":	10.000062,
				"end":	11.000066,
				"seconds":	1.0000040531158447,
				"bytes":	3750320,
				"bits_per_second":	30002438.396641552,
				"packets":	2590,
				"omitted":	false,
				"sender":	true
			}
		}, {
			"streams":	[{
					"socket":	5,
					"start":	11.000066,
					"end":	12.000064,
					"seconds":	0.99999797344207764,
					"bytes":	3748872,
					"bits_per_second":	29991036.778573185,
					"packets":	2589,
					"omitted":	false,
					"sender":	true
				}],
			"sum":	{
				"start":	11.000066,
				"end":	12.000064,
				"seconds":	0.99999797344207764,
				"bytes":	3748872,
				"bits_per_second":	29991036.778573185,
				"packets":	2589,
				"omitted":	false,
				"sender":	true
			}
		}, {
			"streams":	[{
					"socket":	5,
					"start":	12.000064,
					"end":	13.000064,
					"seconds":	1,
					"bytes":	3750320,
					"bits_per_second":	30002560,
					"packets":	2590,
					"omitted":	false,
					"sender":	true
				}],
			"sum":	{
				"start":	12.000064,
				"end":	13.000064,
				"seconds":	1,
				"bytes":	3750320,
				"bits_per_second":	30002560,
				"packets":	2590,
				"omitted":	false,
				"sender":	true
			}
		}, {
			"streams":	[{
					"socket":	5,
					"start":	13.000064,
					"end":	14.000067,
					"seconds":	1.0000029802322388,
					"bytes":	3750320,
					"bits_per_second":	30002470.585669916,
					"packets":	2590,
					"omitted":	false,
					"sender":	true
				}],
			"sum":	{
				"start":	13.000064,
				"end":	14.000067,
				"seconds":	1.0000029802322388,
				"bytes":	3750320,
				"bits_per_second":	30002470.585669916,
				"packets":	2590,
				"omitted":	false,
				"sender":	true
			}
		}, {
			"streams":	[{
					"socket":	5,
					"start":	14.000067,
					"end":	15.000062,
					"seconds":	0.999994993209839,
					"bytes":	3750320,
					"bits_per_second":	30002710.217274323,
					"packets":	2590,
					"omitted":	false,
					"sender":	true
				}],
			"sum":	{
				"start":	14.000067,
				"end":	15.000062,
				"seconds":	0.999994993209839,
				"bytes":	3750320,