{
	"start":	{
		"connected":	[{
				"socket":	5,
				"local_host":	"10.0.0.1",
				"local_port":	35515,
				"remote_host":	"10.0.0.2",
				"remote_port":	5201
			}],
		"version":	"iperf 3.16",
		"system_info":	"Linux networks 6.8.0-85-generic #85-Ubuntu SMP PREEMPT_DYNAMIC Thu Sep 18 15:21:04 UTC 2025 aarch64",
		"timestamp":	{
			"time":	"Wed, 15 Oct 2025 02:13:08 GMT",
			"timesecs":	1760494388
		},
		"connecting_to":	{
			"host":	"10.0.0.2",
			"port":	5201
		},
		"cookie":	"bf4zzxmmzi5vzcotgnezp3lmes3mrbkiqpmj",
		"target_bitrate":	30000000,
		"fq_rate":	0,
		"sock_bufsize":	0,
		"sndbuf_actual":	212992,
		"rcvbuf_actual":	212992,
		"test_start":	{
			"protocol":	"UDP",
			"num_streams":	1,
			"blksize":	1448,
			"omit":	0,
			"duration":	30,
			"bytes":	0,
			"blocks":	0,
			"reverse":	0,
			"tos":	0,
			"target_bitrate":	30000000,
			"bidir":	0,
			"fqrate":	0
		}
	},
	"intervals":	[{
			"streams":	[{
					"socket":	5,
					"start":	0,
					"end":	1.000064,
					"seconds":	1.0000640153884888,
					"bytes":	3747424,
					"bits_per_second":	29977472.980421245,
					"packets":	2588,
					"omitted":	false,
					"sender":	true
				}],
			"sum":	{
				"start":	0,
				"end":	1.000064,
				"seconds":	1.0000640153884888,
				"bytes":	3747424,
				"bits_per_second":	29977472.980421245,
				"packets":	2588,
				"omitted":	false,
				"sender":	true
			}
		}, {
			"streams":	[{
					"socket":	5,
					"start":	1.000064,
					"end":	2.000073,
					"seconds":	1.0000089406967163,
					"bytes":	3750320,
					"bits_per_second":	30002291.758608591,
					"packets":	2590,
					"omitted":	false,
					"sender":	true
				}],
			"sum":	{
				"start":	1.000064,
				"end":	2.000073,
				"seconds":	1.0000089406967163,
				"bytes":	3750320,
				"bits_per_second":	30002291.758608591,
				"packets":	2590,
				"omitted":	false,
				"sender":	true
			}
		}, {
			"streams":	[{
					"socket":	5,
					"start":	2.000073,
					"end":	3.000063,
					"seconds":	0.99998998641967773,
					"bytes":	3748872,
					"bits_per_second":	29991276.3200544,
					"packets":	2589,
					"omitted":	false,
					"sender":	true
				}],
			"sum":	{
				"start":	2.000073,
				"end":	3.000063,
				"seconds":	0.99998998641967773,
				"bytes":	3748872,
				"bits_per_second":	29991276.3200544,
				"packets":	2589,
				"omitted":	false,
				"sender":	true
			}
		}, {
			"streams":	[{
					"socket":	5,
					"start":	3.000063,
					"end":	4.003085,
					"seconds":	1.0030219554901123,
					"bytes":	3719912,
					"bits_per_second":	29669635.681562472,
					"packets":	2570,
					"omitted":	false,
					"sender":	true
				}],
			"sum":	{
				"start":	3.000063,
				"end":	4.003085,
				"seconds":	1.0030219554901123,
				"bytes":	3719912,
				"bits_per_second":	29669635.681562472,
				"packets":	2570,
				"omitted":	false,
				"sender":	true
			}
		}, {
			"streams":	[{
					"socket":	5,
					"start":	4.003085,
					"end":	5.000068,
					"seconds":	0.996982991695404,
					"bytes":	3780728,
					"bits_per_second":	30337352.043053344,
					"packets":	2610,
					"omitted":	false,
					"sender":	true
				}],
			"sum":	{
				"start":	4.003085,
				"end":	5.000068,
				"seconds":	0.996982991695404,
				"bytes":	3780728,
				"bits_per_second":	30337352.043053344,
				"packets":	2610,
				"omitted":	false,
				"sender":	true
			}
		}, {
			"streams":	[{
					"socket":	5,
					"start":	5.000068,
					"end":	6.000066,
					"seconds":	0.99999797344207764,
					"bytes":	3750320,
					"bits_per_second":	30002620.802048877,
					"packets":	2590,
					"omitted":	false,
					"sender":	true
				}],
			"sum":	{
				"start":	5.000068,
				"end":	6.000066,
				"seconds":	0.99999797344207764,
				"bytes":	3750320,
				"bits_per_second":	30002620.802048877,
				"packets":	2590,
				"omitted":	false,
				"sender":	true
			}
		}, {
			"streams":	[{
					"socket":	5,
					"start":	6.000066,
					"end":	7.000147,
					"seconds":	1.000080943107605,
					"bytes":	3750320,
					"bits_per_second":	30000131.696111958,
					"packets":	2590,
					"omitted":	false,
					"sender":	true
				}],
			"sum":	{
				"start":	6.000066,
				"end":	7.000147,
				"seconds":	1.000080943107605,
				"bytes":	3750320,
				"bits_per_second":	30000131.696111958,
				"packets":	2590,
				"omitted":	false,
				"sender":	true
			}
		}, {
			"streams":	[{
					"socket":	5,
					"start":	7.000147,
					"end":	8.000063,
					"seconds":	0.99991601705551147,
					"bytes":	3748872,
					"bits_per_second":	29993494.942020733,
					"packets":	2589,
					"omitted":	false,
					"sender":	true
				}],
			"sum":	{
				"start":	7.000147,
				"end":	8.000063,
				"seconds":	0.99991601705551147,
				"bytes":	3748872,
				"bits_per_second":	29993494.942020733,
				"packets":	2589,
				"omitted":	false,
				"sender":	true
			}
		}, {
			"streams":	[{
					"socket":	5,
					"start":	8.000063,
					"end":	9.000068,
					"seconds":	1.0000050067901611,
					"bytes":	3750320,
					"bits_per_second":	30002409.784229882,
					"packets":	2590,
					"omitted":	false,
					"sender":	true
				}],
			"sum":	{
				"start":	8.000063,
				"end":	9.000068,
				"seconds":	1.0000050067901611,
				"bytes":	3750320,
				"bits_per_second":	30002409.784229882,
				"packets":	2590,
				"omitted":	false,
				"sender":	true
			}
		}, {
			"streams":	[{
					"socket":	5,
					"start":	9.000068,
					"end":	10.000064,
					"seconds":	0.9999960064888,
					"bytes":	3750320,
					"bits_per_second":	30002679.816037875,
					"packets":	2590,
					"omitted":	false,
					"sender":	true
				}],
			"sum":	{
				"start":	9.000068,
				"end":	10.000064,
				"seconds":	0.9999960064888,
				"bytes":	3750320,
				"bits_per_second":	30002679.816037875,
				"packets":	2590,
				"omitted":	false,
				"sender":	true
			}
		}, {
			"streams":	[{
					"socket":	5,
					"start":	10.000064,
					"end":	11.000064,
					"seconds":	1,
					"bytes":	3750320,
					"bits_per_second":	30002560,
					"packets":	2590,
					"omitted":	false,
					"sender":	true
				}],
			"sum":	{
				"start":	10.000064,
				"end":	11.000064,
				"seconds":	1,
				"bytes":	3750320,
				"bits_per_second":	30002560,
				"packets":	2590,
				"omitted":	false,
				"sender":	true
			}
		}, {
			"streams":	[{
					"socket":	5,
					"start":	11.000064,
					"end":	12.000064,
					"seconds":	1,
					"bytes":	3748872,
					"bits_per_second":	29990976,
					"packets":	2589,
					"omitted":	false,
					"sender":	true
				}],
			"sum":	{
				"start":	11.000064,
				"end":	12.000064,
				"seconds":	1,
				"bytes":	3748872,
				"bits_per_second":	29990976,
				"packets":	2589,
				"omitted":	false,
				"sender":	true
			}
		}, {
			"streams":	[{
					"socket":	5,
					"start":	12.000064,
					"end":	13.000064,
					"seconds":	1,
					"bytes":	3750320,
					"bits_per_second":	30002560,
					"packets":	2590,
					"omitted":	false,
					"sender":	true
				}],
			"sum":	{
				"start":	12.000064,
				"end":	13.000064,
				"seconds":	1,
				"bytes":	3750320,
				"bits_per_second":	30002560,
				"packets":	2590,
				"omitted":	false,
				"sender":	true
			}
		}, {
			"streams":	[{
					"socket":	5,
					"start":	13.000064,
					"end":	14.000063,
					"seconds":	0.99999898672103882,
					"bytes":	3750320,
					"bits_per_second":	30002590.400993634,
					"packets":	2590,
					"omitted":	false,
					"sender":	true
				}],
			"sum":	{
				"start":	13.000064,
				"end":	14.000063,
				"seconds":	0.99999898672103882,
				"bytes":	3750320,
				"bits_per_second":	30002590.400993634,
				"packets":	2590,
				"omitted":	false,
				"sender":	true
			}
		}, {
			"streams":	[{
					"socket":	5,
					"start":	14.000063,
					"end":	15.000064,
					"seconds":	1.0000009536743164,
					"bytes":	3750320,
					"bits_per_second":	30002531.387356389,
					"packets":	2590,
					"omitted":	false,
					"sender":	true
				}],
			"sum":	{
				"start":	14.000063,
				"end":	15.000064,
				"seconds":	1.0000009536743164,
				"bytes":	3750320,
				"bits_per_second":	30002531.387356389,
				"packets":	2590,