{
	"start":	{
		"connected":	[{
				"socket":	5,
				"local_host":	"10.0.0.1",
				"local_port":	36993,
				"remote_host":	"10.0.0.2",
				"remote_port":	5201
			}],
		"version":	"iperf 3.16",
		"system_info":	"Linux networks 6.8.0-85-generic #85-Ubuntu SMP PREEMPT_DYNAMIC Thu Sep 18 15:21:04 UTC 2025 aarch64",
		"timestamp":	{
			"time":	"Wed, 15 Oct 2025 02:26:57 GMT",
			"timesecs":	1760495217
		},
		"connecting_to":	{
			"host":	"10.0.0.2",
			"port":	5201
		},
		"cookie":	"vpq7xowzdgi3ahcjaj27humspxx72o2c7dxt",
		"target_bitrate":	30000000,
		"fq_rate":	0,
		"sock_bufsize":	0,
		"sndbuf_actual":	212992,
		"rcvbuf_actual":	212992,
		"test_start":	{
			"protocol":	"UDP",
			"num_streams":	1,
			"blksize":	1448,
			"omit":	0,
			"duration":	30,
			"bytes":	0,
			"blocks":	0,
			"reverse":	0,
			"tos":	0,
			"target_bitrate":	30000000,
			"bidir":	0,
			"fqrate":	0
		}
	},
	"intervals":	[{
			"streams":	[{
					"socket":	5,
					"start":	0,
					"end":	1.000064,
					"seconds":	1.0000640153884888,
					"bytes":	3747424,
					"bits_per_second":	29977472.980421245,
					"packets":	2588,
					"omitted":	false,
					"sender":	true
				}],
			"sum":	{
				"start":	0,
				"end":	1.000064,
				"seconds":	1.0000640153884888,
				"bytes":	3747424,
				"bits_per_second":	29977472.980421245,
				"packets":	2588,
				"omitted":	false,
				"sender":	true
			}
		}, {
			"streams":	[{
					"socket":	5,
					"start":	1.000064,
					"end":	2.000063,
					"seconds":	0.99999898672103882,
					"bytes":	3750320,
					"bits_per_second":	30002590.400993634,
					"packets":	2590,
					"omitted":	false,
					"sender":	true
				}],
			"sum":	{
				"start":	1.000064,
				"end":	2.000063,
				"seconds":	0.99999898672103882,
				"bytes":	3750320,
				"bits_per_second":	30002590.400993634,
				"packets":	2590,
				"omitted":	false,
				"sender":	true
			}
		}, {
			"streams":	[{
					"socket":	5,
					"start":	2.000063,
					"end":	3.000064,
					"seconds":	1.0000009536743164,
					"bytes":	3748872,
					"bits_per_second":	29990947.398403741,
					"packets":	2589,
					"omitted":	false,
					"sender":	true
				}],
			"sum":	{
				"start":	2.000063,
				"end":	3.000064,
				"seconds":	1.0000009536743164,
				"bytes":	3748872,
				"bits_per_second":	29990947.398403741,
				"packets":	2589,
				"omitted":	false,
				"sender":	true
			}
		}, {
			"streams":	[{
					"socket":	5,
					"start":	3.000064,
					"end":	4.000064,
					"seconds":	1,
					"bytes":	3750320,
					"bits_per_second":	30002560,
					"packets":	2590,
					"omitted":	false,
					"sender":	true
				}],
			"sum":	{
				"start":	3.000064,
				"end":	4.000064,
				"seconds":	1,
				"bytes":	3750320,
				"bits_per_second":	30002560,
				"packets":	2590,
				"omitted":	false,
				"sender":	true
			}
		}, {
			"streams":	[{
					"socket":	5,
					"start":	4.000064,
					"end":	5.000144,
					"seconds":	1.0000799894332886,
					"bytes":	3751768,
					"bits_per_second":	30011743.377655219,
					"packets":	2591,
					"omitted":	false,
					"sender":	true
				}],
			"sum":	{
				"start":	4.000064,
				"end":	5.000144,
				"seconds":	1.0000799894332886,
				"bytes":	3751768,
				"bits_per_second":	30011743.377655219,
				"packets":	2591,
				"omitted":	false,
				"sender":	true
			}
		}, {
			"streams":	[{
					"socket":	5,
					"start":	5.000144,
					"end":	6.000062,
					"seconds":	0.999917984008789,
					"bytes":	3748872,
					"bits_per_second":	29993435.941378552,
					"packets":	2589,
					"omitted":	false,
					"sender":	true
				}],
			"sum":	{
				"start":	5.000144,
				"end":	6.000062,
				"seconds":	0.999917984008789,
				"bytes":	3748872,
				"bits_per_second":	29993435.941378552,
				"packets":	2589,
				"omitted":	false,
				"sender":	true
			}
		}, {
			"streams":	[{
					"socket":	5,
					"start":	6.000062,
					"end":	7.000066,
					"seconds":	1.0000040531158447,
					"bytes":	3750320,
					"bits_per_second":	30002438.396641552,
					"packets":	2590,
					"omitted":	false,
					"sender":	true
				}],
			"sum":	{
				"start":	6.000062,
				"end":	7.000066,
				"seconds":	1.0000040531158447,
				"bytes":	3750320,
				"bits_per_second":	30002438.396641552,
				"packets":	2590,
				"omitted":	false,
				"sender":	true
			}
		}, {
			"streams":	[{
					"socket":	5,
					"start":	7.000066,
					"end":	8.000063,
					"seconds":	0.99999701976776123,
					"bytes":	3748872,
					"bits_per_second":	29991065.380339921,
					"packets":	2589,
					"omitted":	false,
					"sender":	true
				}],
			"sum":	{
				"start":	7.000066,
				"end":	8.000063,
				"seconds":	0.99999701976776123,
				"bytes":	3748872,
				"bits_per_second":	29991065.380339921,
				"packets":	2589,
				"omitted":	false,
				"sender":	true
			}
		}, {
			"streams":	[{
					"socket":	5,
					"start":	8.000063,
					"end":	9.000063,
					"seconds":	1,
					"bytes":	3750320,
					"bits_per_second":	30002560,
					"packets":	2590,
					"omitted":	false,
					"sender":	true
				}],
			"sum":	{
				"start":	8.000063,
				"end":	9.000063,
				"seconds":	1,
				"bytes":	3750320,
				"bits_per_second":	30002560,
				"packets":	2590,
				"omitted":	false,
				"sender":	true
			}
		}, {
			"streams":	[{
					"socket":	5,
					"start":	9.000063,
					"end":	10.000063,
					"seconds":	1,
					"bytes":	3750320,
					"bits_per_second":	30002560,
					"packets":	2590,
					"omitted":	false,
					"sender":	true
				}],
			"sum":	{
				"start":	9.000063,
				"end":	10.000063,
				"seconds":	1,
				"bytes":	3750320,
				"bits_per_second":	30002560,
				"packets":	2590,
				"omitted":	false,
				"sender":	true
			}
		}, {
			"streams":	[{
					"socket":	5,
					"start":	10.000063,
					"end":	11.000063,
					"seconds":	1,
					"bytes":	3750320,
					"bits_per_second":	30002560,
					"packets":	2590,
					"omitted":	false,
					"sender":	true
				}],
			"sum":	{
				"start":	10.000063,
				"end":	11.000063,
				"seconds":	1,
				"bytes":	3750320,
				"bits_per_second":	30002560,
				"packets":	2590,
				"omitted":	false,
				"sender":	true
			}
		}, {
			"streams":	[{
					"socket":	5,
					"start":	11.000063,
					"end":	12.000063,
					"seconds":	1,
					"bytes":	3748872,
					"bits_per_second":	29990976,
					"packets":	2589,
					"omitted":	false,
					"sender":	true
				}],
			"sum":	{
				"start":	11.000063,
				"end":	12.000063,
				"seconds":	1,
				"bytes":	3748872,
				"bits_per_second":	29990976,
				"packets":	2589,
				"omitted":	false,
				"sender":	true
			}
		}, {
			"streams":	[{
					"socket":	5,
					"start":	12.000063,
					"end":	13.000063,
					"seconds":	1,
					"bytes":	3750320,
					"bits_per_second":	30002560,
					"packets":	2590,
					"omitted":	false,
					"sender":	true
				}],
			"sum":	{
				"start":	12.000063,
				"end":	13.000063,
				"seconds":	1,
				"bytes":	3750320,
				"bits_per_second":	30002560,
				"packets":	2590,
				"omitted":	false,
				"sender":	true
			}
		}, {
			"streams":	[{
					"socket":	5,
					"start":	13.000063,
					"end":	14.000064,
					"seconds":	1.0000009536743164,
					"bytes":	3750320,
					"bits_per_second":	30002531.387356389,
					"packets":	2590,
					"omitted":	false,
					"sender":	true
				}],
			"sum":	{
				"start":	13.000063,
				"end":	14.000064,
				"seconds":	1.0000009536743164,
				"bytes":	3750320,
				"bits_per_second":	30002531.387356389,
				"packets":	2590,
				"omitted":	false,
				"sender":	true
			}
		}, {
			"streams":	[{
					"socket":	5,
					"start":	14.000064,
					"end":	15.000063,
					"seconds":	0.99999898672103882,
					"bytes":	3750320,
					"bits_per_second":	30002590.400993634,
					"packets":	2590,
					"omitted":	false,
					"sender":	true
				}],
			"sum":	{
				"start":	14.000064,
				"end":	15.000063,
				"seconds":	0.99999898672103882,
				"bytes":	3750320,
				"bits_per_second":	30002590.400993634,
				"packets":	2590,
				"omitted":	false,
				"sender":	true
			}
		}, {
			"streams":	[{
					"socket":	5,
					"start":	15.000063,
					"end":	16.000063,
					"seconds":	1,