{
	"start":	{
		"connected":	[{
				"socket":	5,
				"local_host":	"10.0.0.1",
				"local_port":	37347,
				"remote_host":	"10.0.0.2",
				"remote_port":	5201
			}],
		"version":	"iperf 3.16",
		"system_info":	"Linux networks 6.8.0-85-generic #85-Ubuntu SMP PREEMPT_DYNAMIC Thu Sep 18 15:21:04 UTC 2025 aarch64",
		"timestamp":	{
			"time":	"Wed, 15 Oct 2025 02:17:45 GMT",
			"timesecs":	1760494665
		},
		"connecting_to":	{
			"host":	"10.0.0.2",
			"port":	5201
		},
		"cookie":	"qangaqpxqrj2s6u62jwomigpdt6bqz7z7n6j",
		"target_bitrate":	30000000,
		"fq_rate":	0,
		"sock_bufsize":	0,
		"sndbuf_actual":	212992,
		"rcvbuf_actual":	212992,
		"test_start":	{
			"protocol":	"UDP",
			"num_streams":	1,
			"blksize":	1448,
			"omit":	0,
			"duration":	30,
			"bytes":	0,
			"blocks":	0,
			"reverse":	0,
			"tos":	0,
			"target_bitrate":	30000000,
			"bidir":	0,
			"fqrate":	0
		}
	},
	"intervals":	[{
			"streams":	[{
					"socket":	5,
					"start":	0,
					"end":	1.000068,
					"seconds":	1.0000679492950439,
					"bytes":	3747424,
					"bits_per_second":	29977355.0598564,
					"packets":	2588,
					"omitted":	false,
					"sender":	true
				}],
			"sum":	{
				"start":	0,
				"end":	1.000068,
				"seconds":	1.0000679492950439,
				"bytes":	3747424,
				"bits_per_second":	29977355.0598564,
				"packets":	2588,
				"omitted":	false,
				"sender":	true
			}
		}, {
			"streams":	[{
					"socket":	5,
					"start":	1.000068,
					"end":	2.000066,
					"seconds":	0.99999797344207764,
					"bytes":	3750320,
					"bits_per_second":	30002620.802048877,
					"packets":	2590,
					"omitted":	false,
					"sender":	true
				}],
			"sum":	{
				"start":	1.000068,
				"end":	2.000066,
				"seconds":	0.99999797344207764,
				"bytes":	3750320,
				"bits_per_second":	30002620.802048877,
				"packets":	2590,
				"omitted":	false,
				"sender":	true
			}
		}, {
			"streams":	[{
					"socket":	5,
					"start":	2.000066,
					"end":	3.000052,
					"seconds":	0.99998599290847778,
					"bytes":	3748872,
					"bits_per_second":	29991396.092229944,
					"packets":	2589,
					"omitted":	false,
					"sender":	true
				}],
			"sum":	{
				"start":	2.000066,
				"end":	3.000052,
				"seconds":	0.99998599290847778,
				"bytes":	3748872,
				"bits_per_second":	29991396.092229944,
				"packets":	2589,
				"omitted":	false,
				"sender":	true
			}
		}, {
			"streams":	[{
					"socket":	5,
					"start":	3.000052,
					"end":	4.000059,
					"seconds":	1.0000070333480835,
					"bytes":	3750320,
					"bits_per_second":	30002348.98303628,
					"packets":	2590,
					"omitted":	false,
					"sender":	true
				}],
			"sum":	{
				"start":	3.000052,
				"end":	4.000059,
				"seconds":	1.0000070333480835,
				"bytes":	3750320,
				"bits_per_second":	30002348.98303628,
				"packets":	2590,
				"omitted":	false,
				"sender":	true
			}
		}, {
			"streams":	[{
					"socket":	5,
					"start":	4.000059,
					"end":	5.000311,
					"seconds":	1.0002520084381104,
					"bytes":	3750320,
					"bits_per_second":	29995001.0066452,
					"packets":	2590,
					"omitted":	false,
					"sender":	true
				}],
			"sum":	{
				"start":	4.000059,
				"end":	5.000311,
				"seconds":	1.0002520084381104,
				"bytes":	3750320,
				"bits_per_second":	29995001.0066452,
				"packets":	2590,
				"omitted":	false,
				"sender":	true
			}
		}, {
			"streams":	[{
					"socket":	5,
					"start":	5.000311,
					"end":	6.000092,
					"seconds":	0.99978101253509521,
					"bytes":	3750320,
					"bits_per_second":	30009131.623658258,
					"packets":	2590,
					"omitted":	false,
					"sender":	true
				}],
			"sum":	{
				"start":	5.000311,
				"end":	6.000092,
				"seconds":	0.99978101253509521,
				"bytes":	3750320,
				"bits_per_second":	30009131.623658258,
				"packets":	2590,
				"omitted":	false,
				"sender":	true
			}
		}, {
			"streams":	[{
					"socket":	5,
					"start":	6.000092,
					"end":	7.000109,
					"seconds":	1.0000170469284058,
					"bytes":	3750320,
					"bits_per_second":	30002048.557226218,
					"packets":	2590,
					"omitted":	false,
					"sender":	true
				}],
			"sum":	{
				"start":	6.000092,
				"end":	7.000109,
				"seconds":	1.0000170469284058,
				"bytes":	3750320,
				"bits_per_second":	30002048.557226218,
				"packets":	2590,
				"omitted":	false,
				"sender":	true
			}
		}, {
			"streams":	[{
					"socket":	5,
					"start":	7.000109,
					"end":	8.000054,
					"seconds":	0.99994498491287231,
					"bytes":	3748872,
					"bits_per_second":	29992626.04693516,
					"packets":	2589,
					"omitted":	false,
					"sender":	true
				}],
			"sum":	{
				"start":	7.000109,
				"end":	8.000054,
				"seconds":	0.99994498491287231,
				"bytes":	3748872,
				"bits_per_second":	29992626.04693516,
				"packets":	2589,
				"omitted":	false,
				"sender":	true
			}
		}, {
			"streams":	[{
					"socket":	5,
					"start":	8.000054,
					"end":	9.000067,
					"seconds":	1.000012993812561,
					"bytes":	3750320,
					"bits_per_second":	30002170.157424551,
					"packets":	2590,
					"omitted":	false,
					"sender":	true
				}],
			"sum":	{
				"start":	8.000054,
				"end":	9.000067,
				"seconds":	1.000012993812561,
				"bytes":	3750320,
				"bits_per_second":	30002170.157424551,
				"packets":	2590,
				"omitted":	false,
				"sender":	true
			}
		}, {
			"streams":	[{
					"socket":	5,
					"start":	9.000067,
					"end":	10.000065,
					"seconds":	0.99999797344207764,
					"bytes":	3750320,
					"bits_per_second":	30002620.802048877,
					"packets":	2590,
					"omitted":	false,
					"sender":	true
				}],
			"sum":	{
				"start":	9.000067,
				"end":	10.000065,
				"seconds":	0.99999797344207764,
				"bytes":	3750320,
				"bits_per_second":	30002620.802048877,
				"packets":	2590,
				"omitted":	false,
				"sender":	true
			}
		}, {
			"streams":	[{
					"socket":	5,
					"start":	10.000065,
					"end":	11.000059,
					"seconds":	0.99999397993087769,
					"bytes":	3750320,
					"bits_per_second":	30002740.618572384,
					"packets":	2590,
					"omitted":	false,
					"sender":	true
				}],
			"sum":	{
				"start":	10.000065,
				"end":	11.000059,
				"seconds":	0.99999397993087769,
				"bytes":	3750320,
				"bits_per_second":	30002740.618572384,
				"packets":	2590,
				"omitted":	false,
				"sender":	true
			}
		}, {
			"streams":	[{
					"socket":	5,
					"start":	11.000059,
					"end":	12.000068,
					"seconds":	1.0000089406967163,
					"bytes":	3748872,
					"bits_per_second":	29990707.8621767,
					"packets":	2589,
					"omitted":	false,
					"sender":	true
				}],
			"sum":	{
				"start":	11.000059,
				"end":	12.000068,
				"seconds":	1.0000089406967163,
				"bytes":	3748872,
				"bits_per_second":	29990707.8621767,
				"packets":	2589,
				"omitted":	false,
				"sender":	true
			}
		}, {
			"streams":	[{
					"socket":	5,
					"start":	12.000068,
					"end":	13.000066,
					"seconds":	0.99999797344207764,
					"bytes":	3750320,
					"bits_per_second":	30002620.802048877,
					"packets":	2590,
					"omitted":	false,
					"sender":	true
				}],
			"sum":	{
				"start":	12.000068,
				"end":	13.000066,
				"seconds":	0.99999797344207764,
				"bytes":	3750320,
				"bits_per_second":	30002620.802048877,
				"packets":	2590,
				"omitted":	false,
				"sender":	true
			}
		}, {
			"streams":	[{
					"socket":	5,
					"start":	13.000066,
					"end":	14.000081,
					"seconds":	1.0000150203704834,
					"bytes":	3750320,
					"bits_per_second":	30002109.357202172,
					"packets":	2590,
					"omitted":	false,
					"sender":	true
				}],
			"sum":	{
				"start":	13.000066,
				"end":	14.000081,
				"seconds":	1.0000150203704834,
				"bytes":	3750320,
				"bits_per_second":	30002109.357202172,
				"packets":	2590,
				"omitted":	false,
				"sender":	true
			}
		}, {
			"streams":	[{
					"socket":	5,
					"start":	14.000081,
					"end":	15.000066,
					"seconds":	0.9999849796295166,
					"bytes":	3750320,
					"bits_per_second":	30003010.656335674,
					"packets":	2590,
					"omitted":	false,
					"sender":	true
				}],