{
	"start":	{
		"connected":	[{
				"socket":	5,
				"local_host":	"10.0.0.1",
				"local_port":	35956,
				"remote_host":	"10.0.0.2",
				"remote_port":	5201
			}],
		"version":	"iperf 3.16",
		"system_info":	"Linux networks 6.8.0-85-generic #85-Ubuntu SMP PREEMPT_DYNAMIC Thu Sep 18 15:21:04 UTC 2025 aarch64",
		"timestamp":	{
			"time":	"Wed, 15 Oct 2025 02:20:50 GMT",
			"timesecs":	1760494850
		},
		"connecting_to":	{
			"host":	"10.0.0.2",
			"port":	5201
		},
		"cookie":	"kaol67lujxjrept2y5keybhy3mxrgp6trlpy",
		"target_bitrate":	30000000,
		"fq_rate":	0,
		"sock_bufsize":	0,
		"sndbuf_actual":	212992,
		"rcvbuf_actual":	212992,
		"test_start":	{
			"protocol":	"UDP",
			"num_streams":	1,
			"blksize":	1448,
			"omit":	0,
			"duration":	30,
			"bytes":	0,
			"blocks":	0,
			"reverse":	0,
			"tos":	0,
			"target_bitrate":	30000000,
			"bidir":	0,
			"fqrate":	0
		}
	},
	"intervals":	[{
			"streams":	[{
					"socket":	5,
					"start":	0,
					"end":	1.000064,
					"seconds":	1.0000640153884888,
					"bytes":	3747424,
					"bits_per_second":	29977472.980421245,
					"packets":	2588,
					"omitted":	false,
					"sender":	true
				}],
			"sum":	{
				"start":	0,
				"end":	1.000064,
				"seconds":	1.0000640153884888,
				"bytes":	3747424,
				"bits_per_second":	29977472.980421245,
				"packets":	2588,
				"omitted":	false,
				"sender":	true
			}
		}, {
			"streams":	[{
					"socket":	5,
					"start":	1.000064,
					"end":	2.000061,
					"seconds":	0.99999701976776123,
					"bytes":	3750320,
					"bits_per_second":	30002649.414863035,
					"packets":	2590,
					"omitted":	false,
					"sender":	true
				}],
			"sum":	{
				"start":	1.000064,
				"end":	2.000061,
				"seconds":	0.99999701976776123,
				"bytes":	3750320,
				"bits_per_second":	30002649.414863035,
				"packets":	2590,
				"omitted":	false,
				"sender":	true
			}
		}, {
			"streams":	[{
					"socket":	5,
					"start":	2.000061,
					"end":	3.000067,
					"seconds":	1.0000059604644775,
					"bytes":	3748872,
					"bits_per_second":	29990797.240918394,
					"packets":	2589,
					"omitted":	false,
					"sender":	true
				}],
			"sum":	{
				"start":	2.000061,
				"end":	3.000067,
				"seconds":	1.0000059604644775,
				"bytes":	3748872,
				"bits_per_second":	29990797.240918394,
				"packets":	2589,
				"omitted":	false,
				"sender":	true
			}
		}, {
			"streams":	[{
					"socket":	5,
					"start":	3.000067,
					"end":	4.000062,
					"seconds":	0.999994993209839,
					"bytes":	3750320,
					"bits_per_second":	30002710.217274323,
					"packets":	2590,
					"omitted":	false,
					"sender":	true
				}],
			"sum":	{
				"start":	3.000067,
				"end":	4.000062,
				"seconds":	0.999994993209839,
				"bytes":	3750320,
				"bits_per_second":	30002710.217274323,
				"packets":	2590,
				"omitted":	false,
				"sender":	true
			}
		}, {
			"streams":	[{
					"socket":	5,
					"start":	4.000062,
					"end":	5.000066,
					"seconds":	1.0000040531158447,
					"bytes":	3750320,
					"bits_per_second":	30002438.396641552,
					"packets":	2590,
					"omitted":	false,
					"sender":	true
				}],
			"sum":	{
				"start":	4.000062,
				"end":	5.000066,
				"seconds":	1.0000040531158447,
				"bytes":	3750320,
				"bits_per_second":	30002438.396641552,
				"packets":	2590,
				"omitted":	false,
				"sender":	true
			}
		}, {
			"streams":	[{
					"socket":	5,
					"start":	5.000066,
					"end":	6.000072,
					"seconds":	1.0000059604644775,
					"bytes":	3750320,
					"bits_per_second":	30002381.171872783,
					"packets":	2590,
					"omitted":	false,
					"sender":	true
				}],
			"sum":	{
				"start":	5.000066,
				"end":	6.000072,
				"seconds":	1.0000059604644775,
				"bytes":	3750320,
				"bits_per_second":	30002381.171872783,
				"packets":	2590,
				"omitted":	false,
				"sender":	true
			}
		}, {
			"streams":	[{
					"socket":	5,
					"start":	6.000072,
					"end":	7.000063,
					"seconds":	0.999990999698639,
					"bytes":	3750320,
					"bits_per_second":	30002830.034512,
					"packets":	2590,
					"omitted":	false,
					"sender":	true
				}],
			"sum":	{
				"start":	6.000072,
				"end":	7.000063,
				"seconds":	0.999990999698639,
				"bytes":	3750320,
				"bits_per_second":	30002830.034512,
				"packets":	2590,
				"omitted":	false,
				"sender":	true
			}
		}, {
			"streams":	[{
					"socket":	5,
					"start":	7.000063,
					"end":	8.000064,
					"seconds":	1.0000009536743164,
					"bytes":	3748872,
					"bits_per_second":	29990947.398403741,
					"packets":	2589,
					"omitted":	false,
					"sender":	true
				}],
			"sum":	{
				"start":	7.000063,
				"end":	8.000064,
				"seconds":	1.0000009536743164,
				"bytes":	3748872,
				"bits_per_second":	29990947.398403741,
				"packets":	2589,
				"omitted":	false,
				"sender":	true
			}
		}, {
			"streams":	[{
					"socket":	5,
					"start":	8.000064,
					"end":	9.000064,
					"seconds":	1,
					"bytes":	3750320,
					"bits_per_second":	30002560,
					"packets":	2590,
					"omitted":	false,
					"sender":	true
				}],
			"sum":	{
				"start":	8.000064,
				"end":	9.000064,
				"seconds":	1,
				"bytes":	3750320,
				"bits_per_second":	30002560,
				"packets":	2590,
				"omitted":	false,
				"sender":	true
			}
		}, {
			"streams":	[{
					"socket":	5,
					"start":	9.000064,
					"end":	10.00009,
					"seconds":	1.0000259876251221,
					"bytes":	3750320,
					"bits_per_second":	30001780.32497992,
					"packets":	2590,
					"omitted":	false,
					"sender":	true
				}],
			"sum":	{
				"start":	9.000064,
				"end":	10.00009,
				"seconds":	1.0000259876251221,
				"bytes":	3750320,
				"bits_per_second":	30001780.32497992,
				"packets":	2590,
				"omitted":	false,
				"sender":	true
			}
		}, {
			"streams":	[{
					"socket":	5,
					"start":	10.00009,
					"end":	11.000071,
					"seconds":	0.99998098611831665,
					"bytes":	3750320,
					"bits_per_second":	30003130.475973,
					"packets":	2590,
					"omitted":	false,
					"sender":	true
				}],
			"sum":	{
				"start":	10.00009,
				"end":	11.000071,
				"seconds":	0.99998098611831665,
				"bytes":	3750320,
				"bits_per_second":	30003130.475973,
				"packets":	2590,
				"omitted":	false,
				"sender":	true
			}
		}, {
			"streams":	[{
					"socket":	5,
					"start":	11.000071,
					"end":	12.000076,
					"seconds":	1.0000050067901611,
					"bytes":	3748872,
					"bits_per_second":	29990825.842228249,
					"packets":	2589,
					"omitted":	false,
					"sender":	true
				}],
			"sum":	{
				"start":	11.000071,
				"end":	12.000076,
				"seconds":	1.0000050067901611,
				"bytes":	3748872,
				"bits_per_second":	29990825.842228249,
				"packets":	2589,
				"omitted":	false,
				"sender":	true
			}
		}, {
			"streams":	[{
					"socket":	5,
					"start":	12.000076,
					"end":	13.000071,
					"seconds":	0.999994993209839,
					"bytes":	3750320,
					"bits_per_second":	30002710.217274323,
					"packets":	2590,
					"omitted":	false,
					"sender":	true
				}],
			"sum":	{
				"start":	12.000076,
				"end":	13.000071,
				"seconds":	0.999994993209839,
				"bytes":	3750320,
				"bits_per_second":	30002710.217274323,
				"packets":	2590,
				"omitted":	false,
				"sender":	true
			}
		}, {
			"streams":	[{
					"socket":	5,
					"start":	13.000071,
					"end":	14.000066,
					"seconds":	0.999994993209839,
					"bytes":	3750320,
					"bits_per_second":	30002710.217274323,
					"packets":	2590,
					"omitted":	false,
					"sender":	true
				}],
			"sum":	{
				"start":	13.000071,
				"end":	14.000066,
				"seconds":	0.999994993209839,
				"bytes":	3750320,
				"bits_per_second":	30002710.217274323,
				"packets":	2590,
				"omitted":	false,
				"sender":	true
			}
		}, {
			"streams":	[{
					"socket":	5,
					"start":	14.000066,
					"end":	15.000063,
					"seconds":	0.99999701976776123,
					"bytes":	3750320,
					"bits_per_second":	30002649.414863035,
					"packets":	2590,
					"omitted":	false,
					"sender":	true
				}],
			"sum":	{
				"start":	14.000066,
				"end":	15.000063,